Email,Password,Full Name,Phone Number
john.wilson1@example.com,1rPScFZ^8Y3,John Wilson,2580821013
emily.rodriguez2@example.com,c@Pq6BY60#h,Emily Rodriguez,8592154298
amy.miller3@example.com,4deN&wd&BGD#$1pT,Amy Miller,6945325694
isabella.brown4@example.com,Ps8wH&kxh,Isabella Brown,7676283291
richard.rodriguez5@example.com,l&U2WkGeA0#+N4EHi6X,Richard Rodriguez,5959122809
amelia.miller6@example.com,C%8VOx!n,Amelia Miller,3480568636
mike.miller7@example.com,a12%on^Um1sT,Mike Miller,7598676628
sarah.wilson8@example.com,O!0u7Ubjr=!SSMvExG0,Sarah Wilson,2558348090
david.lopez9@example.com,tnMq+29475VUxFar,David Lopez,7486084353
mia.davis10@example.com,ex0Tnm6#z%XuqPbc,Mia Davis,4667239154
mia.wilson11@example.com,Gz92@mh6^,Mia Wilson,4743935580
mike.thomas12@example.com,&DH1iKZ4P29VZTLS1q!,Mike Thomas,1250312013
lisa.davis13@example.com,dvIUL114TTKs=2kt$,Lisa Davis,4615457816
chris.johnson14@example.com,OxN@^6!TE6mt,Chris Johnson,8635146304
isabella.davis15@example.com,y!2#x1K8Z,Isabella Davis,6058583280
thomas.smith16@example.com,!srss#oziK54Oc+c&,Thomas Smith,6303890527
charlotte.smith17@example.com,HvExFR^NG=+61,Charlotte Smith,3880270299
charles.taylor18@example.com,b8typ^dJ$g8b9l,Charles Taylor,0429322721
tom.hernandez19@example.com,P6qjdCwXA+dLwAf5,Tom Hernandez,5274600648
olivia.miller20@example.com,S^DnUySw1h,Olivia Miller,1712156428
isabella.garcia21@example.com,S%x25T7e9!,Isabella Garcia,6713216134
isabella.taylor22@example.com,X1s+kR0b@z$f$VQ8JhM0,Isabella Taylor,9906914069
amelia.smith23@example.com,k!qa4^c=yf8eXGKSXxYk,Amelia Smith,6994353674
emily.jones24@example.com,6fXk9!nWEY,Emily Jones,6351399771
john.lopez25@example.com,n6uF+Cf2cp4#,John Lopez,9816876615
emma.martinez26@example.com,H^ZZ#P62y7,Emma Martinez,5920569192
amelia.davis27@example.com,d@R4svF@zyJKGi3eL,Amelia Davis,3180232619
sarah.miller28@example.com,Joj!1o9NuB9^,Sarah Miller,2247915351
thomas.rodriguez29@example.com,$84MT6ubChJvJo=mbnB,Thomas Rodriguez,0705911092
thomas.brown30@example.com,L@CKZscD!94Kc,Thomas Brown,3076582007
tom.davis31@example.com,H9i&8dos0W+cEn8,Tom Davis,2022280726
james.taylor32@example.com,7MpZkyU+S+F,James Taylor,5197088623
joseph.lopez33@example.com,50k+mDVWlfIOHh%u,Joseph Lopez,7733623917
emma.smith34@example.com,mUTa^M0I7L5bq%f,Emma Smith,2679019873
mike.rodriguez35@example.com,rf#0iP7uN5F%,Mike Rodriguez,1201509017
tom.anderson36@example.com,CQ54x2bD8BC!dxh@,Tom Anderson,5418534441
jane.jones37@example.com,B=j+Pl!!6,Jane Jones,7798525090
james.jones38@example.com,SP+eON$5251vI!xudlm,James Jones,8143464617
amy.taylor39@example.com,3AopufVJXI0iOT!b0@X,Amy Taylor,5186162713
chris.hernandez40@example.com,4pUoUgVj!SkJvajj,Chris Hernandez,3452131805
joseph.williams41@example.com,ArYtL2lG&re6,Joseph Williams,4378314892
jane.martinez42@example.com,^bQAi1F=q6,Jane Martinez,9581739370
mia.jones43@example.com,j^c1aw54QSH+tK,Mia Jones,9521396417
joseph.miller44@example.com,s9bqHHrvG%97U9@$,Joseph Miller,6558269569
robert.jones45@example.com,cyse@f!^VPH8AdjQ,Robert Jones,1304954786
amy.jones46@example.com,ix8by&kYG06xBftyKK3,Amy Jones,1505071457
lisa.jones47@example.com,E^y6CiqI@oTG1xK,Lisa Jones,9702165383
lisa.garcia48@example.com,K&atYSZ5!LGUCHU,Lisa Garcia,7215340749
charlotte.jones49@example.com,VHc%%Mz7oQJ+&Hmm,Charlotte Jones,8372367186
amelia.taylor50@example.com,+21jhDVf3o7,Amelia Taylor,5628542345
charlotte.anderson51@example.com,E=m96=vsiZKGDUiE7,Charlotte Anderson,7524841603
emma.anderson52@example.com,digEq9am!,Emma Anderson,1962340708
lisa.garcia53@example.com,927X=M%Is!Tv,Lisa Garcia,0717790401
thomas.williams54@example.com,1vxd^liceKrlp&c8t7R,Thomas Williams,7003536991
thomas.lopez55@example.com,FXvMiO5y=B4YgD,Thomas Lopez,3350192952
amy.rodriguez56@example.com,4!+=cNKLPOZs$,Amy Rodriguez,6683956844
charlotte.martinez57@example.com,ftR$t8Nn=,Charlotte Martinez,8122511844
amy.williams58@example.com,iUVj^b8c1#^3y3@,Amy Williams,7488304055
mia.williams59@example.com,VNW$h3V+Od,Mia Williams,2396651851
robert.anderson60@example.com,bAfd$7&C%=,Robert Anderson,6600409413
david.johnson61@example.com,=$oO1UnlSB,David Johnson,9699006567
richard.williams62@example.com,id@RZ1iLyS0yL@L,Richard Williams,9371402316
mike.anderson63@example.com,Vzzo$$#9Gz8F!4hRxl,Mike Anderson,8631180835
olivia.jones64@example.com,T+4%UxsqN,Olivia Jones,2116361353
robert.brown65@example.com,fozLGw#Al7B!Ms,Robert Brown,5109625283
mia.brown66@example.com,QNu0RSmUC6N#vf,Mia Brown,0767991463
tom.smith67@example.com,ed%UWNi8,Tom Smith,2368079916
william.lopez68@example.com,5bRj&1HF@VLaHZ,William Lopez,4655019495
sarah.smith69@example.com,gS5rwQvW7=c^#0vVlc,Sarah Smith,6186842407
jane.hernandez70@example.com,qGt&5Wi$XHo$!jq$Imj,Jane Hernandez,2272779246
joseph.garcia71@example.com,@kUjPOC0=wR0,Joseph Garcia,2941774672
chris.hernandez72@example.com,6t5y0KR&=r75,Chris Hernandez,6741886654
robert.miller73@example.com,lLQjpz37nG+OZ@,Robert Miller,8578363698
charles.smith74@example.com,wSm%h9ZCog^u,Charles Smith,9560900839
joseph.williams75@example.com,eJ%=5dof7N8,Joseph Williams,9540621316
jane.martinez76@example.com,J^V#%XsrezNky0$cl,Jane Martinez,2627572795
amelia.williams77@example.com,iBsp5Wh%,Amelia Williams,2577915481
mia.martinez78@example.com,#MCU04cu%1akQ9+!=,Mia Martinez,2985667564
sarah.garcia79@example.com,1g0GzXB&t%8bCM,Sarah Garcia,9313487144
sarah.hernandez80@example.com,Sw3XMqG%k3PJcY+Rbl,Sarah Hernandez,0752367483
william.martinez81@example.com,R+&6@XP2KciZNJjmD6sS,William Martinez,0530271288
sophia.davis82@example.com,ZlgD8w+Ht!k%vWTk%CF8,Sophia Davis,5513846470
john.jones83@example.com,%zmdWQBVt2cGbamQf2@@,John Jones,3149291431
jane.miller84@example.com,fEL=6m&vB4kBlH6,Jane Miller,7751593701
amelia.johnson85@example.com,4Uj+KIr!MX22g05#R#,Amelia Johnson,9446021073
james.martinez86@example.com,Bf=amslg7gtE,James Martinez,3929338028
david.wilson87@example.com,ne77Yz^Tgl!nq+Fv=7,David Wilson,0195739703
charles.jones88@example.com,wUy+V=&A9Jr,Charles Jones,2160769118
joseph.anderson89@example.com,6FM0=F!qynA3,Joseph Anderson,9393249141
olivia.anderson90@example.com,w%Pf4I^b^vP3DK,Olivia Anderson,6375044391
mia.jones91@example.com,9Ftmcz%zO+,Mia Jones,9258473848
lisa.miller92@example.com,nPtygLPrWjJ#4U#p=V21,Lisa Miller,4375919873
olivia.taylor93@example.com,d+DfoU866@s3u,Olivia Taylor,2956289689
sophia.garcia94@example.com,04at&oML,Sophia Garcia,5606641728
chris.brown95@example.com,f=yKu2u=p8TJc,Chris Brown,4312933948
john.miller96@example.com,n88+drL!=Kd,John Miller,9000949997
charles.johnson97@example.com,sn%qUbELf3NVy8+K=k8,Charles Johnson,1836370515
amelia.garcia98@example.com,FpBrLbyoZRPyV=@y5,Amelia Garcia,0021542165
emma.rodriguez99@example.com,s+eGXgU^72bWCR5,Emma Rodriguez,8380022857
mia.rodriguez100@example.com,SK+3ynzSNDj@i1BIL=&,Mia Rodriguez,3271842030
robert.martinez101@example.com,5@HCKfUm=CbAdy,Robert Martinez,1118868637
thomas.smith102@example.com,waG8nbsdY!NC,Thomas Smith,8757267139
amelia.brown103@example.com,BIpEcae1BJPRmmq5P%2N,Amelia Brown,4085204323
amelia.martinez104@example.com,r+5bY+G%l!cGo9m86nY,Amelia Martinez,2975814991
mia.taylor105@example.com,6aHVLoENLwfh=hVcnUC&,Mia Taylor,8790111915
charles.hernandez106@example.com,h9iOgF9#93,Charles Hernandez,4202484841
lisa.rodriguez107@example.com,Bw#tEhaE2,Lisa Rodriguez,0544584229
mia.smith108@example.com,6OfLbbyK%clyThz,Mia Smith,5837463528
james.thomas110@example.com,!M@bv71F06^OATSp,James Thomas,6873996172
amy.rodriguez111@example.com,R&%e2DYL%gvjex,Amy Rodriguez,7738072031
charles.jones112@example.com,+8JwD3%M,Charles Jones,8292428734
olivia.martinez113@example.com,IT$$ybEkv4P,Olivia Martinez,1431271819
sophia.garcia114@example.com,1%mftFqdaEK28l!07o,Sophia Garcia,6637008982
emma.williams115@example.com,XooSCeIo1%#yoB,Emma Williams,3697023031
sophia.miller116@example.com,YhgkHN79&,Sophia Miller,0018580465
emma.jones117@example.com,Z1vbmyG=Gm1m8vN0TKHH,Emma Jones,1945348254
olivia.hernandez118@example.com,Kwn!7KXkpL5^M0X%ywg,Olivia Hernandez,4741751036
amelia.hernandez119@example.com,#I0=4YBk9bZa,Amelia Hernandez,1022488475
james.miller120@example.com,EnIuLD%dvM+x8!Q3^m7T,James Miller,6125104113
jane.garcia121@example.com,$7G0%WJ$K!2rCY,Jane Garcia,6417743176
jane.williams122@example.com,BwH=^VPm4VfNbNh^Xf,Jane Williams,4442099268
david.martinez123@example.com,O4We#3Md@e!5Rgoc,David Martinez,0447505929
william.brown124@example.com,@kIrdfu49%CvgjfwED,William Brown,2161945271
emma.lopez125@example.com,#hyRVdYm1%,Emma Lopez,7181829760
charlotte.miller126@example.com,MbajB#TzF&krbE8cuc,Charlotte Miller,1846244815
chris.williams127@example.com,33dA+GX$aBw@SU,Chris Williams,3506311135
james.rodriguez128@example.com,+Pp27baqsO,James Rodriguez,0506461164
mike.smith129@example.com,Rv@g1!KP,Mike Smith,6666238279
joseph.anderson130@example.com,Y@mK7KO8Gnh=KtNn,Joseph Anderson,4846117661
mike.davis131@example.com,+wgrYYDY0,Mike Davis,0142374881
tom.davis132@example.com,@DdQhM9y07ciy4OB,Tom Davis,6120223160
thomas.williams133@example.com,6r&lkd18vyF!jMLZvs!,Thomas Williams,9104687434
chris.davis134@example.com,ezTwe8$N4A75xh@QAkV,Chris Davis,0477774215
sarah.williams135@example.com,ngF!f4iLeFm4koSs^,Sarah Williams,0306750962
tom.smith136@example.com,y3IFoA#xarEVU,Tom Smith,3883756849
charles.davis137@example.com,K^qLiF!rp7y,Charles Davis,1609642881
olivia.jones138@example.com,+SgT=i6sb&,Olivia Jones,6462211280
charles.brown139@example.com,&n#5ia3S,Charles Brown,1432792734
mia.williams140@example.com,5VRP8nP8r7Ro+$e,Mia Williams,9443344302
william.lopez141@example.com,STo$^6S+%7@NKBk4,William Lopez,7206068173
joseph.anderson142@example.com,GLNV#IZ@3rOQ^8,Joseph Anderson,1154850199
david.wilson143@example.com,9jGf!jT5ap^,David Wilson,5756652395
amelia.miller144@example.com,@qbzcKLC2,Amelia Miller,3233485402
jane.martinez145@example.com,e9!8HUR@^3ZJE^,Jane Martinez,8329889819
emma.martinez146@example.com,1aVemw9#a8nBUF%s,Emma Martinez,1376593689
emily.lopez147@example.com,0HKM9F3$lcfLKT,Emily Lopez,8094429059
sophia.hernandez148@example.com,d5UzoAg!%1q,Sophia Hernandez,1624718682
john.garcia149@example.com,7N9AbVuk1MK4^cI,John Garcia,6129152177
amelia.garcia150@example.com,p2v=@#Ih%C833y,Amelia Garcia,7731775183
charlotte.smith151@example.com,@WfQHniDHjWy16zFl9#u,Charlotte Smith,8738825003
james.wilson152@ex