username,userMail,userPhoneNumber,password
timothyhughes1,timothyhughes1@yahoo.com,3000090001,a#OUIcbv
jacqueline.jones2,jacqueline.jones2@hotmail.com,3000090002,0rnjJQA#Qhq
david_hall3,david_hall3@gmail.com,3000090003,SMXVsUG1q
carolyn.scott4,carolyn.scott4@yahoo.com,3000090004,caKnU0XZWaHp
markcollins5,markcollins5@hotmail.com,3000090005,iJkWJzD5YsM@
timothy.turner6,timothy.turner6@gmail.com,3000090006,RmE9@mOA2a
catherineroberts7,catherineroberts7@yahoo.com,3000090007,%TNUpa#X1T
jerrywilson8,jerrywilson8@hotmail.com,3000090008,5OgZd0IR
janet_wright9,janet_wright9@gmail.com,3000090009,tdlHrMcvx
richard.richardson10,richard.richardson10@yahoo.com,3000090010,0pj6rz2$c
kellyharris11,kellyharris11@hotmail.com,3000090011,vFnq7GogUVn8
marietaylor12,marietaylor12@gmail.com,3000090012,jMRE9wusqg
ashleyedwards13,ashleyedwards13@yahoo.com,3000090013,IjPPEi4Qg
brenda.howard14,brenda.howard14@hotmail.com,3000090014,ksF1YjYCU
emma.martinez15,emma.martinez15@gmail.com,3000090015,W5$PaeC7eDdq
david_watson16,david_watson16@yahoo.com,3000090016,G%S1KHjloy
joseph.nelson17,joseph.nelson17@hotmail.com,3000090017,!Zo1ptxP
virginia_flores18,virginia_flores18@gmail.com,3000090018,h@ATJsodvB
melissacarter19,melissacarter19@yahoo.com,3000090019,8MOQBT@C
thomasmoore20,thomasmoore20@hotmail.com,3000090020,LEAR8nl7
samuelbaker21,samuelbaker21@gmail.com,3000090021,%iKR!t9O6
martha_turner22,martha_turner22@yahoo.com,3000090022,fo9ZYZ@3XyD3
evelynjames23,evelynjames23@hotmail.com,3000090023,oVj$G$ocHP5
alexanderstewart24,alexanderstewart24@gmail.com,3000090024,s1!xMEKCw
jane_gray25,jane_gray25@yahoo.com,3000090025,@v4pt1ZnRD
marie_davis26,marie_davis26@hotmail.com,3000090026,awu0g@nQZ6
christine_murphy27,christine_murphy27@gmail.com,3000090027,fMzcuzmBz
jamesmendoza28,jamesmendoza28@yahoo.com,3000090028,gX6rrTQHx%lV
janet_hernandez29,janet_hernandez29@hotmail.com,3000090029,HBLbN1K5
kevin_diaz30,kevin_diaz30@gmail.com,3000090030,tgI9lKZJIw
angelaclark31,angelaclark31@yahoo.com,3000090031,YuwbMwyREd
robert.rodriguez32,robert.rodriguez32@hotmail.com,3000090032,h4rNSjfVov3L
brandon_cruz33,brandon_cruz33@gmail.com,3000090033,UzXr6zx1D%zr
mariediaz34,mariediaz34@yahoo.com,3000090034,Vm!bd5h1
emma_ortiz35,emma_ortiz35@hotmail.com,3000090035,8pVTQbu1wsS
ryan.morgan36,ryan.morgan36@gmail.com,3000090036,Rg59Gl#b6f
raymond_diaz37,raymond_diaz37@yahoo.com,3000090037,SnnBepWIy#F
marie.watson38,marie.watson38@hotmail.com,3000090038,0E9385Svf
marie.parker39,marie.parker39@gmail.com,3000090039,72sYH15D4A
williamnguyen40,williamnguyen40@yahoo.com,3000090040,L%a7eN%efW
olivia.king41,olivia.king41@hotmail.com,3000090041,JACk@cLx3M
andrea_peterson42,andrea_peterson42@gmail.com,3000090042,lZ6msTxNJm
julia_young43,julia_young43@yahoo.com,3000090043,9TSpMwRx
janet_brown44,janet_brown44@hotmail.com,3000090044,@jS8fX2@ZO
kevin_flores45,kevin_flores45@gmail.com,3000090045,e5FTzwqIA!U
megansmith46,megansmith46@yahoo.com,3000090046,PnyK4y%scR
michelle_roberts47,michelle_roberts47@hotmail.com,3000090047,l0JaYR2kb#
joseph_baker48,joseph_baker48@gmail.com,3000090048,o78%L$THY
charles.stewart49,charles.stewart49@yahoo.com,3000090049,68wlWlWq0HF7
heather.allen50,heather.allen50@hotmail.com,3000090050,gsSEcY!s%O
robert_evans51,robert_evans51@gmail.com,3000090051,MsLr3cExq%
george.martin52,george.martin52@yahoo.com,3000090052,qyHsqu6T%KW
kimberly_turner53,kimberly_turner53@hotmail.com,3000090053,wxw0gVuOOL
brandonkelly54,brandonkelly54@gmail.com,3000090054,ajebF@wQAziO
olivia.johnson55,olivia.johnson55@yahoo.com,3000090055,i13%KiHyqmRj
samuel.jackson56,samuel.jackson56@hotmail.com,3000090056,jot4OeC%#9h3
ronald_diaz57,ronald_diaz57@gmail.com,3000090057,ubffWh2ts
mariamorgan58,mariamorgan58@yahoo.com,3000090058,MOVgpzkM1
emily.brooks59,emily.brooks59@hotmail.com,3000090059,#UCWS00fhGBn
john_king60,john_king60@gmail.com,3000090060,trMVd@kEK8p5
maria_campbell61,maria_campbell61@yahoo.com,3000090061,01@lU7gEy
evelynbailey62,evelynbailey62@hotmail.com,3000090062,jPZ5j6NfYJ
raymond.taylor63,raymond.taylor63@gmail.com,3000090063,STSb8HMz
michellebailey64,michellebailey64@yahoo.com,3000090064,2L@Ge!b53ub
teresa.cruz65,teresa.cruz65@hotmail.com,3000090065,8J5xIQ1I#
brian_rogers66,brian_rogers66@gmail.com,3000090066,J29KCfbdLdJg
gregory_brooks67,gregory_brooks67@yahoo.com,3000090067,QmCCnpU#u
timothy.turner68,timothy.turner68@hotmail.com,3000090068,5tSEVlLthph
melissa.turner69,melissa.turner69@gmail.com,3000090069,%bgFeF#KquOS
julie.garcia70,julie.garcia70@yahoo.com,3000090070,q5tDeu63y3
robert.ruiz71,robert.ruiz71@hotmail.com,3000090071,84%BfLIHxds
patrick_king72,patrick_king72@gmail.com,3000090072,M0!2Mk0q66
scottmorris73,scottmorris73@yahoo.com,3000090073,BYy$AJF#Ti3
janetrogers74,janetrogers74@hotmail.com,3000090074,fffM@TsEbr
megan_davis75,megan_davis75@gmail.com,3000090075,V84%JI@N
dianepeterson76,dianepeterson76@yahoo.com,3000090076,etW!kUuwG
patrick_cooper77,patrick_cooper77@hotmail.com,3000090077,LGRsiLV7rfaG
judy.sanders78,judy.sanders78@gmail.com,3000090078,8asYo8Hzrh
brenda_brooks79,brenda_brooks79@yahoo.com,3000090079,BGkfG$uKw
briantaylor80,briantaylor80@hotmail.com,3000090080,BZ22LB7nNQh
samuel.nelson81,samuel.nelson81@gmail.com,3000090081,LagMzJMCnfU
emily.edwards82,emily.edwards82@yahoo.com,3000090082,6SAxYz9TebZX
jessica.campbell83,jessica.campbell83@hotmail.com,3000090083,cJFcNfvQ0v$q
alexandercarter84,alexandercarter84@gmail.com,3000090084,QuQMyi3!WZ@6
dennisgreen85,dennisgreen85@yahoo.com,3000090085,jXogS3l1qLHM
judithwood86,judithwood86@hotmail.com,3000090086,tjFO2ZDRuz#
victoria.nelson87,victoria.nelson87@gmail.com,3000090087,cn@Vp3p!
emmagray88,emmagray88@yahoo.com,3000090088,CwWw8JvAalLM
kelly_johnson89,kelly_johnson89@hotmail.com,3000090089,qKPX3imp
janice_clark90,janice_clark90@gmail.com,3000090090,1n9j8Fxn6
